Distribution,Parameter,E1_reversal,E2_reversal,E1_E3_recovery,E2_E3_recovery,E2_tau_b_mean,E2_tau_b_std,N_valid_tau
Uniform,N/A,4.67%,18.22%,5.34%,27.52%,0.4892,0.3550,49920
Canonical Bias (p=0.00),p=0.00,6.99%,16.95%,2.14%,5.70%,0.2473,0.3923,49368
Canonical Bias (p=0.25),p=0.25,4.25%,15.01%,4.59%,34.72%,0.5939,0.3151,49912
Canonical Bias (p=0.50),p=0.50,1.50%,11.73%,4.80%,41.35%,0.7519,0.2150,49991
Canonical Bias (p=0.75),p=0.75,0.29%,8.59%,3.07%,29.72%,0.8591,0.1672,50000
Canonical Bias (p=0.80),p=0.80,0.19%,7.67%,2.58%,24.95%,0.8830,0.1582,50000
Canonical Bias (p=0.90),p=0.90,0.04%,4.85%,1.38%,14.14%,0.9343,0.1294,50000
Canonical Bias (p=0.95),p=0.95,0.01%,2.69%,0.68%,7.50%,0.9653,0.0992,50000
Canonical Bias (p=0.99),p=0.99,0.00%,0.60%,0.13%,1.62%,0.9926,0.0480,50000
Similarity Bias,N/A,4.57%,17.72%,6.27%,31.74%,0.5529,0.3420,49947
Adversarial Upper-Bound Stress Condition,Worst-case,0.00%,0.00%,0.00%,0.00%,0.3333,0.0000,1
